0x0036541A,0x007A9F67,0x007E9E73,0x007AA261,0x00829476,0x007A8772,0x00708C62,0x005F7D5D
0x00253E1E,0x00869D78,0x00769065,0x0085AB6E,0x00728D5D,0x006C7662,0x007A976C,0x00659644
0x00585D5C,0x00838C7A,0x007A9172,0x0088A977,0x0081B960,0x007F9574,0x006E7864,0x00628B50
0x006F974C,0x0073A552,0x00819279,0x0088A975,0x0086C060,0x007CA269,0x0074886D,0x00628057
0x008C75B6,0x00528733,0x008B9E85,0x0086977F,0x007DB068,0x0088B679,0x007A8D73,0x0066775C
0x006733A3,0x0063824E,0x008FEB42,0x008F9E8C,0x006A955A,0x006E994E,0x007B976F,0x006A7C5E
0x00646067,0x0092AD8B,0x00639E43,0x0099B091,0x006A815C,0x0067A345,0x0080AE5F,0x00728468
0x00413D42,0x00888E94,0x006E8767,0x008EB778,0x00759267,0x00658A53,0x00808E77,0x00738E6A
0x00351E3B,0x00B293AD,0x007C8D75,0x007ABB50,0x0084A076,0x004C712F,0x0086A972,0x00798A72
0x00372C3D,0x00555A4F,0x00467C2A,0x0052882E,0x00849E6D,0x0052753C,0x008BAE75,0x007DA067
0x00402D47,0x004A435A,0x007D789A,0x00516D4E,0x00709D53,0x0054703F,0x008BA176,0x007AA366
0x004A3A4A,0x00341837,0x008A8F91,0x004E813B,0x0079C452,0x00738366,0x0087AB77,0x0084AE6C
0x003E2943,0x00361B3F,0x005A4758,0x005B9A3A,0x005F9543,0x00619842,0x00739C61,0x0087B36C
0x00371E3B,0x003A2740,0x004C3468,0x007BA77A,0x00539234,0x0059903B,0x008BB878,0x008DB376
0x003B233F,0x00453349,0x0033173E,0x00765B81,0x00589338,0x0074A757,0x0072A953,0x0073994F
0x00432B47,0x00371E3B,0x002D1236,0x007A5D9A,0x0069A04B,0x00638849,0x00608E49,0x0060923D
0x0039213D,0x00402B45,0x003B2242,0x006A41A0,0x006FB348,0x00548430,0x006C9B3E,0x00609741
0x00513E55,0x00381D43,0x002E1638,0x004F4C54,0x00559539,0x00548546,0x007A9F5F,0x00619240
0x00371E3C,0x00371A3B,0x002F1739,0x003C2647,0x00919AAE,0x004A841C,0x007B9B6C,0x005A7642
0x004D384E,0x00432746,0x0044234D,0x00371541,0x00493A5C,0x005B6745,0x0085A170,0x00528E36
0x00422E49,0x004D3151,0x003E2144,0x002F133A,0x0058396C,0x0054932B,0x008FB07E,0x00577F3D
0x00381B3C,0x00371C40,0x00523656,0x003D1C46,0x007343A3,0x005D6F47,0x0084B564,0x00537043
0x00442644,0x00412246,0x003F1E46,0x00411A48,0x0044334E,0x006C8A54,0x00598D32,0x00668552
0x00402B45,0x004B2A54,0x00482751,0x0044224D,0x00381C43,0x007A7E88,0x004C782F,0x00789164
0x003E2146,0x00391442,0x0040224A,0x003D2246,0x003C2942,0x007259A8,0x00416A25,0x0087A56B
0x00441F4C,0x0045204E,0x00451D4F,0x0044264E,0x003C294A,0x009377C5,0x007A9B73,0x007AB249
0x004E2354,0x003E1849,0x00532E5C,0x003F2149,0x004C355A,0x00420D61,0x00516E41,0x00759460
0x003E1946,0x003E1849,0x00533B57,0x00564061,0x005B3D66,0x007A8182,0x0083B56A,0x005C7053
0x004C1656,0x003E0D42,0x004D2856,0x00442B49,0x004A2C52,0x004C375F,0x00566D46,0x0062883B
0x0040204B,0x00471355,0x0057445E,0x0051255E,0x004D2557,0x004B1D6D,0x00789C62,0x00679C47
